epoch,EmbeddingSimilarity,nll-test,
1,-0.36917074786673465,37.6523,
6,-0.3965602633631248,37.735287,
10,-0.4435325866887675,37.640396,
