epochs, nll-oracle,nll-test,EmbeddingSimilarity,
1,10.742874,7.5933557,-0.2093585259617846,
6,10.199376,7.031317,-0.20886221700123014,
10,10.114458,7.057727,-0.2076366993211025,
