epochs,EmbeddingSimilarity,nll-test,
1,-1.1557658005210298,6.1265593,
6,-0.7750121823389933,3.92029,
10,-0.7652936315845094,3.9263332,
