epochs,EmbeddingSimilarity,nll-test,
1,-1.105547683629587,6.013418,
6,-0.7937898843672262,4.00118,
10,-1.0029067188391811,4.8303275,
