epochs,nll-oracle,nll-test,EmbeddingSimilarity,
1,10.742874,7.5933557,-0.20861551009604604,
6,10.202334,7.0311923,-0.20560649376158366,
10,10.115237,7.058054,-0.2006067898563725,
