epochs,nll-oracle,nll-test,EmbeddingSimilarity
1,10.742874,7.5933557,-0.20988691535980417
6,10.204538,7.03126,-0.20520344868822654
10,10.123762,7.057395,-0.204041103827299
