epochs,nll-oracle,nll-test,EmbeddingSimilarity,
1,10.742414,7.593365,-0.21049968084523768,
6,10.201488,7.0312877,-0.20657625479492914,
10,10.112375,7.05856,-0.2069718188937495,
