epochs,EmbeddingSimilarity,nll-test
1,-1.1560011198937865,5.9975257
6,-0.30745672076162467,3.3981044
10,-0.10480590709655808,3.756265
