epochs,EmbeddingSimilarity,nll-test
1,-1.1750995529008499,5.8354053
6,-0.4382610709611806,3.8427467
10,-1.026907024814627,6.07304
